problem_name,algorithm_name,n_nodes,n_detectors,n_colors,capacity,graph_edges,avg_degree,n_colored,n_uncolored,colors_used,color_utilization,balance_std,time_seconds,n_trials,is_valid,n_violations
REAL_NOMAD_64s,RandomRestartMonteCarlo,64,24,16,4,640,20.0,64,0,16,1.0,0.0,0.23537834485371908,704,True,0
REAL_NOMAD_64s,TabuSearchColoring,64,24,16,4,640,20.0,61,3,16,0.953125,0.3903123748998999,1.2236777941385906,10,True,0
REAL_NOMAD_64s,SimulatedAnnealingColoring,64,24,16,4,640,20.0,61,3,16,0.953125,0.3903123748998999,0.1405672232309977,10,True,0
REAL_NOMAD_64s,IteratedLocalSearch,64,24,16,4,640,20.0,63,1,16,0.984375,0.24206145913796356,0.08420999844868977,1,True,0
REAL_NOMAD_64s,DSATURColoring,64,24,16,4,640,20.0,64,0,16,1.0,0.0,0.006438891092936198,7,True,0
REAL_NOMAD_64s,LargestFirstColoring,64,24,16,4,640,20.0,63,1,16,0.984375,0.24206145913796356,0.0001433690388997396,1,True,0
REAL_NOMAD_64s,GreedyRandomColoring,64,24,16,4,640,20.0,63,1,16,0.984375,0.24206145913796356,0.02260144551595052,200,True,0
Small_fNIRS_16s,RandomRestartMonteCarlo,16,8,4,4,49,6.125,10,6,4,0.625,0.5,0.08100279172261556,1000,True,0
Small_fNIRS_16s,TabuSearchColoring,16,8,4,4,49,6.125,12,4,4,0.75,0.7071067811865476,0.10409267743428548,10,True,0
Small_fNIRS_16s,SimulatedAnnealingColoring,16,8,4,4,49,6.125,12,4,4,0.75,0.7071067811865476,0.01788957913716634,10,True,0
Small_fNIRS_16s,IteratedLocalSearch,16,8,4,4,49,6.125,12,4,4,0.75,0.7071067811865476,0.04974548021952311,50,True,0
Small_fNIRS_16s,DSATURColoring,16,8,4,4,49,6.125,4,12,4,0.25,0.0,0.008287986119588217,100,True,0
Small_fNIRS_16s,LargestFirstColoring,16,8,4,4,49,6.125,10,6,4,0.625,1.118033988749895,2.86102294921875e-05,1,True,0
Small_fNIRS_16s,GreedyRandomColoring,16,8,4,4,49,6.125,12,4,4,0.75,0.7071067811865476,0.004282633463541667,200,True,0
Standard_fNIRS_32s,RandomRestartMonteCarlo,32,15,8,4,141,8.8125,24,8,8,0.75,0.5,0.2562514940897624,1000,True,0
Standard_fNIRS_32s,TabuSearchColoring,32,15,8,4,141,8.8125,28,4,8,0.875,0.7071067811865476,0.34519116083780926,10,True,0
Standard_fNIRS_32s,SimulatedAnnealingColoring,32,15,8,4,141,8.8125,28,4,8,0.875,0.7071067811865476,0.04034630457560221,10,True,0
Standard_fNIRS_32s,IteratedLocalSearch,32,15,8,4,141,8.8125,29,3,8,0.90625,0.4841229182759271,0.06963610649108887,50,True,0
Standard_fNIRS_32s,DSATURColoring,32,15,8,4,141,8.8125,8,24,8,0.25,0.0,0.025576353073120117,100,True,0
Standard_fNIRS_32s,LargestFirstColoring,32,15,8,4,141,8.8125,27,5,8,0.84375,0.6959705453537527,5.801518758138021e-05,1,True,0
Standard_fNIRS_32s,GreedyRandomColoring,32,15,8,4,141,8.8125,29,3,8,0.90625,0.4841229182759271,0.008623202641805014,200,True,0
Large_fNIRS_64s,RandomRestartMonteCarlo,64,32,16,4,825,25.78125,56,8,16,0.875,0.6123724356957945,2.4371957778930664,1000,True,0
Large_fNIRS_64s,TabuSearchColoring,64,32,16,4,825,25.78125,54,10,16,0.84375,0.6959705453537527,2.233088652292887,10,True,0
Large_fNIRS_64s,SimulatedAnnealingColoring,64,32,16,4,825,25.78125,54,10,16,0.84375,0.6959705453537527,0.14814885457356772,10,True,0
Large_fNIRS_64s,IteratedLocalSearch,64,32,16,4,825,25.78125,56,8,16,0.875,0.6123724356957945,0.36656562487284344,1,True,0
Large_fNIRS_64s,DSATURColoring,64,32,16,4,825,25.78125,16,48,16,0.25,0.0,0.12677240371704102,100,True,0
Large_fNIRS_64s,LargestFirstColoring,64,32,16,4,825,25.78125,54,10,16,0.84375,0.9921567416492215,0.0001509984334309896,1,True,0
Large_fNIRS_64s,GreedyRandomColoring,64,32,16,4,825,25.78125,55,9,16,0.859375,0.49607837082461076,0.025214274724324543,200,True,0
VeryLarge_fNIRS_128s,RandomRestartMonteCarlo,128,64,32,4,3807,59.484375,111,17,32,0.8671875,0.6115745559619039,24.176648060480755,1000,True,0
VeryLarge_fNIRS_128s,TabuSearchColoring,128,64,32,4,3807,59.484375,105,23,32,0.8203125,0.5719689130538477,19.77822168668111,10,True,0
VeryLarge_fNIRS_128s,SimulatedAnnealingColoring,128,64,32,4,3807,59.484375,105,23,32,0.8203125,0.5719689130538477,0.6256005764007568,10,True,0
VeryLarge_fNIRS_128s,IteratedLocalSearch,128,64,32,4,3807,59.484375,108,20,32,0.84375,0.739509972887452,1.6755036513010662,1,True,0
VeryLarge_fNIRS_128s,DSATURColoring,128,64,32,4,3807,59.484375,32,96,32,0.25,0.0,0.7403710683186849,100,True,0
VeryLarge_fNIRS_128s,LargestFirstColoring,128,64,32,4,3807,59.484375,110,18,32,0.859375,0.8267972847076845,0.00045569737752278644,1,True,0
VeryLarge_fNIRS_128s,GreedyRandomColoring,128,64,32,4,3807,59.484375,108,20,32,0.84375,0.5994789404140899,0.08559354146321614,200,True,0
