n_sources,n_conflicts,algorithm,n_assigned,pct_assigned,time_seconds
16,61,Random Restart MC,8,50.0,0.06809282302856445
16,61,Tabu Search,11,68.75,0.06964397430419922
16,61,Simulated Annealing,11,68.75,0.017952919006347656
16,61,DSATUR,4,25.0,0.004538059234619141
32,171,Random Restart MC,22,68.75,0.2969350814819336
32,171,Tabu Search,23,71.875,0.19660377502441406
32,171,Simulated Annealing,23,71.875,0.040389060974121094
32,171,DSATUR,5,15.625,0.013293981552124023
48,344,Random Restart MC,37,77.08333333333334,0.5837192535400391
48,344,Tabu Search,37,77.08333333333334,0.5754930973052979
48,344,Simulated Annealing,37,77.08333333333334,0.06287789344787598
48,344,DSATUR,8,16.666666666666664,0.026105880737304688
64,622,Random Restart MC,51,79.6875,0.8994021415710449
64,622,Tabu Search,51,79.6875,1.0279920101165771
64,622,Simulated Annealing,51,79.6875,0.11235618591308594
64,622,DSATUR,10,15.625,0.04878377914428711
96,1760,Random Restart MC,61,63.541666666666664,9.694720029830933
96,1760,Tabu Search,58,60.416666666666664,2.833679676055908
96,1760,Simulated Annealing,58,60.416666666666664,0.21878790855407715
96,1760,DSATUR,12,12.5,0.1201639175415039
128,3698,Random Restart MC,66,51.5625,53.77854299545288
128,3698,Tabu Search,66,51.5625,4.0359978675842285
128,3698,Simulated Annealing,66,51.5625,0.31046199798583984
128,3698,DSATUR,12,9.375,0.2349410057067871
