problem_name,algorithm,n_sources,n_runs,n_successes,success_rate,avg_time,avg_success_time,avg_quality,pct_quality
REAL_NOMAD_64s,Random Restart MC,64,20,20,1.0,0.17065683603286744,0.17065683603286744,64.0,100.0
REAL_NOMAD_64s,DSATUR,64,20,20,1.0,0.008240091800689697,0.008240091800689697,64.0,100.0
REAL_NOMAD_64s,Greedy Random,64,20,0,0.0,0.010914134979248046,,62.6,97.8125
Small_fNIRS_16s,Random Restart MC,16,20,0,0.0,0.08103293180465698,,10.0,62.5
Small_fNIRS_16s,DSATUR,16,20,0,0.0,0.008257997035980225,,4.0,25.0
Small_fNIRS_16s,Greedy Random,16,20,0,0.0,0.0021210432052612303,,12.0,75.0
Standard_fNIRS_32s,Random Restart MC,32,20,0,0.0,0.25545079708099366,,24.0,75.0
Standard_fNIRS_32s,DSATUR,32,20,0,0.0,0.02578028440475464,,8.0,25.0
Standard_fNIRS_32s,Greedy Random,32,20,0,0.0,0.004418706893920899,,29.0,90.625
Large_fNIRS_64s,Random Restart MC,64,20,0,0.0,2.435294032096863,,56.0,87.5
Large_fNIRS_64s,DSATUR,64,20,0,0.0,0.1272667169570923,,16.0,25.0
Large_fNIRS_64s,Greedy Random,64,20,0,0.0,0.012874817848205567,,54.9,85.78125
VeryLarge_fNIRS_128s,Random Restart MC,128,20,0,0.0,24.21680614948273,,109.95,85.8984375
VeryLarge_fNIRS_128s,DSATUR,128,20,0,0.0,0.7510418176651001,,32.0,25.0
VeryLarge_fNIRS_128s,Greedy Random,128,20,0,0.0,0.04321751594543457,,107.25,83.7890625
